DAXE01,DAXP01
DBKE69,DBKP69
DMHE08,DMHJ08
DZDE01,DZDP01
R22E01,R22P01
R23E52,R23P52
R24J01,GGTE01,GGTJ01,GGTP01
R25EWR,R25PWR
R27E54,R27X54
R28E54,R28P54
R2AE7D,R2AP7D,R2AX7D,GIAE7D,GIAP7D
R2DEEB,R2DPJW
R2FE5G,R2FP70
R2GEXJ,R2GP99
R2IE69,R2IP69
R2KE54,R2KP54
R2OE68,R2OP68
R2PE9B,R2PJ9B,R2PKZ4
R2PP99,RPYE9B,RPYJ9B
R2RE4F,R2RP4F
R2TE41,R2TP41
R2UE8P,R2UJ8P,R2UP8P
R2WEA4,R2WPA4,R2WXA4
R36E69,R36P69
R38E78,R38P78,R38Y78
R3AE20,R3AP7J
R3BE8P,R3BJ8P,R3BP8P
R3CE20,R3CP7J
R3DES5,R3DPS5
R3EEWR,R3EPWR
R3HP6Z,R3HX6Z
R3IJ01,GM8E01,GM8J01,GM8P01
R3LEWR,R3LPWR
R3ME01,R3MP01
R3NEXS,R3NPH3
R3OE01,R3OJ01,R3OP01
R3PEWR,R3PPWR
R3RE8P,R3RP8P
R3SE52,R3SP52
R3TE54,R3TJG9,R3TP54
R3VEFP,R3VPNK
R3XE6U,R3XP6V
R3YE70,R3YP70
R42E69,R42P69
R43E69,R43P69
R47E20,R47P20
R48E7D,R48P7D
R49E01,GYBE01,GYBJ01,GYBP01
R49J01,R49P01
R4AE69,R4AJ13,R4AP69
R4CE69,R4CJ13,R4CK69,R4CP69
R4FE20,R4FP7J
R4LPUG,R4LXUG
R4NE5G,R4NP5G,R4NX5G
R4PE69,R4PP69
R4QE01,R4QJ01
R4RE69,R4RZ69
R4RK69,R4RP69,R4RR69,R4RX69,R4RY69
R4ZJ01,R4ZP01
R52E08,R52P08
R54FMR,R5EPMR
R56EG9,R56PG9
R58DMR,R58FMR,R58IMR,R58PMR,R58SMR
R59D4Q,R59E4Q,R59P4Q
R5AE8P,R5AP8P,R5AX8P
R5IE4Q,R5IP4Q,R5IR4Q,R5IX4Q
R5JES5,R5JPS5
R5PE69,R5PJ13,R5PP69,R5PX69
R5TE69,R5TJ13,R5TP69
R5UE41,R5UP41
R5VE41,R5VP41,R5VX41
R5WEA4,R5WJA4,SHLPA4
R5XJ13,R5XP69,R6QE69
R5YD78,R5YP78
R62E4Q,R62P4Q
R63EG9,R63PG9
R64E01,R64J01,R64K01,R64P01
R6BE78,R6BK78,R6BP78,R6BX78
R6FE41,R6FERS
R6HE54,R6HP54
R6KP36,R6KU36
R6LEWR,R6LPWR
R6ME5Z,R6MPML
R6NE41,R6NP41,R6NY41
R6OE78,R6OP78,R6OX78
R6TEA4,R6TPA4
R6VE4Z,R6VPGN
R6WE68,R6WP68
R6XE69,R6XP69
R6YEXS,R6YPH3
R76E54,R76P54
R7AE69,R7AJ13,R7AP69
R7BE20,R7BP7J
R7EE8P,R7EJ8P,R7EP8P
R7FEGD,R7FJGD,R7FPGD
R7GEAF,R7GPAF
R7MPFR,R7MXFR
R7OE54,R7OP54
R7PE01,R7PJ01,R7PP01,FBIJ,FBIP
R7VEWR,R7VPWR
R7WE52,R7WP52
R7XE69,R7XJ13,R7XP69
R82E52,R82P52
R83EA4,R83JA4
R84EE9,R84P99
R85EG9,R85PG9
R8AE01,R8AP01
R8DEA4,R8DJA4
R8FES5,R8FPNP
R8GJC8,R8GPC8
R8HE4Q,R8HP4Q,R8HX4Q,R8HY4Q,R8HZ4Q
R8IE78,R8IP78,R8IS78
R8JEWR,R8JPWR
R8LE20,R8LP7J
R8PE01,R8PJ01,R8PK01,R8PP01
R8SP41,R8SX41
R8YE52,SC9P52
R8ZE8P,R8ZPGT
R92E01,R92J01,R92P01,GPVE01,GPVJ01,GPVP01
R94PMR,R94XMR
R96EAF,R96PAF
R9DE78,R9DP78
R9FE36,R9FJ36,R9FP36
R9GEWR,R9GPWR
R9IE01,R9IJ01,R9IK01,R9IP01,GPIE01,GPIJ01,GPIP01
R9JE69,R9JP69
R9KE20,WGVE
R9OE69,R9OK69,R9OP69
R9TE69,R9TJ13,R9TK69,R9TP69
R9UE52,R9UPGY
R9XE52,R9XP52
RB4E08,RB4P08,RB4X08
RB5E41,RB5P41
RB7E54,RB7P54
RB9D78,RB9E78,RB9P78,RB9X78,RB9Y78
RBAE41,RBAP41
RBBJ18,RBBP99
RBEE52,RBEP52,RBEX52
RBFE20,RBFP7J
RBHE08,RBHP08
RBHJ08,GBZJ08
RBIEE9,RBIP99
RBKE69,RBKJ13,RBKK69,RBKP69
RBLE8P,RBLJ8P,RBLP8P
RBNEG9,RBNPG9,RBNXG9
RBOE69,RBOP69
RBPE4Z,RBPPGT
RBQENR,RBQPUG
RBRE5G,RBRP5G,RBRX5G
RBTE8P,RBTJ8P,RBTP8P
RBUE08,RBUP08
RBUJ08,RBUK08
RBVE52,RBVP52
RBWE01,RBWP01
RBYE78,RBYJ78,RBYP78,GYAD78,GYAE78,GYAP78,GYAX78
RBZE5Z,RBZPUG,RBZXUG
RC2E78,RC2P78
RC2X78,RC2Y78
RC3P41,RC3X41
RC7E20,RC7P7J
RC8E7D,RC8P7D,RC8X7D
RC9PGN,RDYEGN
RCAE78,RCAJ78,RCAP78,RCAX78,RCAY78,GKJD78,GKJE78,GKJF78,GKJH78,GKJJ78,GKJP78,GKJS78
RCBE52,RCBP52
RCCJC0,RCCPGT
RCDD52,RCDE52,RCDP52,RCDX52
RCEE5Z,RCEPUG,RCEXUG
RCFE41,RCFP41
RCGE54,RCGP54
RCHEAF,RCHJAF,RCHPGT
RCIE41,RCIP41
RCJE8P,RCJP8P
RCOJ99,RCOC99
RCOKZF,RCOPNP
RCPJ18,RCPP18
RCRE5D,RCRP5D
RCSE20,RCSP7J
RCTE5Z,RCTPGT
RCUE52,RCUP52
RCVE41,RCVP41
RCXP78,RCXX78
RD2E41,RD2J41,RD2K41,RD2P41,RD2X41
RD4EA4,RD4PA4
RDBE70,RDBPAF
RDCE78,RDCP78
RDDEA4,RDDJA4
RDFE41,RDFP41
RDGEA4,RDGPA4
RDHE78,RDHP78
RDIE41,RDIJG2,RDIP41
RDJE4F,RDJP4F
RDOP41,RDOX41
RDPE54,RDPP54,RDPX54
RDREA4,RDRJA4,RDRPA4
RDSE70,RDSPAF
RDTEAF,RDTPAF
RDVE41,RDVP41
RDWEG9,RDWJG9,RDWPG9
RDXJ18,RDXKA4
RDZJ01,RDZP01
RE4E08,RE4P08
RE4J08,GBIJ08
RE5PAF,RQCEAF
REAE69,REAF69,REAP69
RECE6K,RECP6K
REDE41,REDJ41,REDP41
REGE36,REGP36
REHE41,REHP41
REKE41,REKU41
RELEA4,RELJA4,RELKA4
RENE8P,RENJ8P,RENP8P
REQE54,REQP54,REQX54,REQY54
REWFMR,REWXMR,REWYMR
REXE01,REXJ01,REXP01
REYP4Q,REYX4Q
REZEJJ,REZPKM
RF2E54,RF2P54
RF4E36,RF4P6M
RF8J13,RF8K69,RF8P69,RF8X69,RF8Y69
RF9J13,RF9K69,RF9P69,RF9R69,RF9X69,RF9Y69
RFBE01,RFBP01
RFCEGD,RFCJGD,RFCPGD
RFEE01,RFEP01
RFFEGD,RFFJGD,RFFPGD
RFKP41,RFKX41
RFLE69,RFLP69
RFNE01,RFNJ01,RFNK01,RFNP01,RFNW01
RFOE52,RFOP52,RFOX52
RFPE01,RFPJ01,RFPK01,RFPP01,RFPW01
RFQE69,RFQJ13
RFQK69,RFQP69
RFRE5G,RFRJC0,FFPJ
RFTE70,GBFE70
RFWE5Z,RFWPNK
RG2EXS,RG2JJF,RG2PGT
RG5EWR,RG5PWR
RG6E69,RG6P69
RG9E54,RG9P54
RGAE8P,RGAP8P
RGBE08,RGBP08
RGDEA4,RGDPA4
RGFE69,RGFF69,RGFI69,RGFP69,RGFS69
RGHE52,RGHP52
RGHJ52,RGHK52
RGIJC8,RGIPC8
RGJE4Z,RGJP7U
RGLE7D,RGLP7D
RGME5D,RGMP5D
RGQE70,RGQP70
RGSE8P,RGSJ8P,RGSP8P
RGTE41,RGTJBL,RGTP41
RGVE52,RGVJ52,RGVP52
RGWE41,RGWJ41,RGWP41,RGWX41
RGXE5D,RGXP5D
RGYE5Z,RGYPUG
RGZE70,RGZP70
RH3E4Q,RH3J4Q,RH3P4Q
RH6E69,RH6P69
RH8E4F,RH8JEL,RH8P4F,RH8X4F
RHAE01,RHAK01,RHAP01,RHAW01
RHCE52,RHCP52
RHDE8P,RHDJ8P,RHDP8P
RHEEJJ,RHEPKM
RHFE5D,RHFP5D,GH7E5D
RHGP6Z,RHGX6Z
RHLE4Z,RHLPGT
RHMEE9,RHMP99,G4AEE9
RHNE70,RHNP70
RHOE8P,RHOJ8P,RHOP8P
RHQE4Q,RHQP4Q,RHQX4Q,RHQY4Q
RHSE36,RHSP36,RHSX36,RHSY36
RHTE54,RHTP54
RHUE20,RHUP7J
RHVE5Z,RHVPFR
RHWE52,RHWP52
RHXE78,RHXP78
RI3E5D,RI3P5D,GAXE5D
RIAI52,RIAP52
RIDE20,RIDP7J
RIGE54,RIGP54
RIHE8P,RIHP8P
RIIEQH,RIIPNG
RIJE69,RIJP69
RIKEQH,RIKPNG
RIME36,RIMP6M,C95P
RINE08,RINP08
RIPEAF,RIPJAF
RIPPAF,ROUJAF,ROUPAF
RIRE8P,RIRP8P
RIUJAF,RIUPAF
RIVEXJ,RIVP99
RIYE52,RIYP52
RJ2E52,RJ2JGD,RJ2P52
RJ3E20,RJ3P7J
RJ4ENR,RJ4PRM
RJ6E69,RJ6P69
RJ8E64,RJ8P64
RJ9FMR,RJ9HMN,RJ9PFR,RJ9XML
RJAD52,RJAE52,RJAP52,RJAX52
RJCE52,RJCP52
RJEE70,RJEP70
RJFE5G,RJFPKM
RJHE52,RJHP52
RJMERS,RJMPRS
RJREA4,RJRPA4
RJSENR,RJSPUG,RJSXUG
RJVEGN,RJVPGN
RJXE5G,RJXXFR
RJZP7U,RNCEH4,RNCPH4
RK2EEB,RK2JEB,RK2P01
RK5E01,RK5K01,RK5P01
RK9EA4,RK9PA4
RKAE6K,RKAP6K
RKBE41,RKBP41
RKDEEB,RKDJEB,RKDP01
RKEENR,RKEPGN
RKFKZA,RKFP7U
RKHE52,RKHP52
RKIENR,RKIPUG,RKIXUG
RKLEG9,RKLPG9
RKME5D,RKMP5D
RKPE52,RKPJ52,RKPK52,RKPP52,RKPV52,RKPX52,RKPY52
RKSENR,RKSPUG,RKSXUG
RKXE69,RKXP69
RKYE20,RKYP7J
RKZEA4,RKZPA4
RL2HMN,RL2PFR
RL4E64,RL4P64
RL5E52,RL5P52
RL7E69,RL7P69
RLADMR,RLAPMR
RLBEWR,RLBPWR
RLEEFS,RLEPFS
RLFE64,RLFP64
RLGE64,RLGJ52,RLGP64
RLHE52,RLHP52
RLIE64,RLIP64
RLKEGY,RLKPFK
RLNEVN,RLNFMR,RLNHMR,RLNIMR,RLNPMR,RV7SMR
RLPE69,RLPP69
RLRE4F,RLRJEL,RLRP4F
RLSE8P,RLSP8P
RLTENR,RLTPNR,RLTXUG
RLUP4Q,RLUR4Q,RLUX4Q,RLUY4Q
RLVP78,GAVY78
RLWE78,RLWJ78,RLWP78,RLWW78,RLWX78,RLWY78,RLWZ78,GLLE78,GLLF78
RLXEMJ,RLXP36
RLYEWR,RLYPWR
RLZE4Z,RLZPXT
RM2E69,RM2J13,RM2P69,RM2U69,RM2X69
RM3E01,RM3J01,RM3P01
RM4E41,RM4J41,RM4P41
RM5E7D,RM5P7D
RM6EEB,RM6P99
RM7E4F,RM7P4F
RM8E01,RM8J01,RM8K01,RM8P01
RM9EGM,RM9PGM
RMAE01,RMAJ01,RMAP01,GOME01,GOMP01
RMCE01,RMCJ01,RMCK01,RMCP01
RMCJ86,RMCK86,RMCE86
RMDE69,RMDP69,G7ME69
RMFE68,RMFP68
RMGE01,RMGJ01,RMGK01,RMGP01,RMGC01,RMGR01
RMHE08,RMHJ08,RMHP08
RMIE20,RMIP7J,RVGP78
RMKE01,RMKJ01,RMKP01
RMLEH4,RMLP7U
RMLJH4,RMLK52
RMME7U,RMMP7U
RMNDFR,RMNHMN,RMNPFR
RMOE52,RMOP52
RMPE54,RMPP54
RMQENR,RMQPUG,RMQXUG
RMRE5Z,RMRPNK,RMRXNK
RMSE52,RMSP52
RMUE52,RMUJ2K,RMUP52
RMVE69,RMVP69,RMVX69
RMWE20,RMWP20
RMXE78,RMXF78,RMXP78
RMYE5Z,RMYPUG,RMYXUG
RMZE5Z,RMZPUG,RMZXUG
RN2EAF,RN2K70,RN2P70,RNWKAF
RN3E78,RN3J78,RN3P78
RN5E78,RN5P78
RN6ENR,RN6P7J
RNBE69,RNBP69,RNBX69
RNEEDA,RNEPDA
RNFE69,RNFP69,GQ8E69
RNHE41,RNHJ99,RNHK8M,RNHP99
RNJE4F,RNJP4F
RNKE69,RNKP69
RNLE54,RNLP54
RNME5Z,RNMPUG,RNMXUG
RNNE4Q,RNNJ4Q,RNNP4Q,RNNX4Q,RNNY4Q,RNNZ4Q
RNPE69,RNPJ13,RNPK69,RNPP69,RNPX69,RNPY69
RNRE41,RNRJ41,RNRP41
RNSD69,RNSF69,RNSJ13,RNSX69,GW5D69,GW5E69,GW5F69,GW5P69
RNSE69,RNSP69
RNVE5Z,RNVPUG,RNVXUG
RNXEDA,RNXPDA
RNYEDA,RNYPDA
RNZE69,RNZJ13,RNZK69,RNZP69
RO3EXJ,RO3J99,RO3P99
RO5E52,RO5P52
RO8P7D,RO8X7D
RO9EFS,RO9PNK
ROAE36,ROAP36
ROCE5Z,ROCPNK
RODE01,RODJ01,RODK01,RODP01
ROFPUG,ROFXUG
ROGE78,ROGP78
ROJE52,ROJP52
ROKJ18,WOKJ
ROLE8P,ROLJ01,ROLK01,ROLP8P
RONEG9,RONPG9
ROPE41,ROPP41,GOSE41,GOSP41,GOSX41
ROTE20,ROTP7J
ROVE6U,ROVPHM
ROWE08,ROWJ08,ROWP08
ROXE20,ROXP7J,ROXX7J
ROYE41,ROYP41,ROYX41
RP2E69,RP2P69
RP4E69,RP4P69
RP7E52,RP7P52
RP9ERS,RP9PRS,RP9XRS
RPBE01,RPBJ01,RPBP01
RPCE20,RPCP41,RPCX7J
RPDEGN,RPDPGN
RPFE52,RPFP52,RPFU52
RPGE5D,RPGP5D
RPIE52,RPIP52
RPJE7U,RPJJ99
RPKE52,RPKP52
RPLE52,RPLP52
RPOEC8,RPOJC8,RPOPC8
RPPE41,RPPP41
RPQES5,RPQPS5
RPSE4Q,RPSP4Q
RPTE52,RPTP52
RPVE4Z,RPVPKM
RPWX41,RPWZ41,SPXP41
RPXE69,RPXJ13,RPXP69
RQ4E78,RQ4J78,RQ4P78,GQ4D78,GQ4E78,GQ4F78,GQ4P78
RQ5E5G,RQ5P5G,RQ5X5G
RQ6EJJ,RQ6PKM,RQ6XKM
RQ7E20,RQ7PXT
RQ9E69,RQ9F69,RQ9P69,RQ9S69
RQBENR,RQBPUG,RQBXUG
RQEE6U,RQEP6V
RQGE69,RQGJ13,RQGP69
RQJE7D,RQJP7D,RQJX7D
RQLE64,RQLP64
RQMEVN,RQMPVN
RQNEWR,RQNPWR
RQOE69,RQOJ13,RQOP69
RQPE52,RQPP52
RQREXJ,RQRJAF,RQRPAF
RQSE4Z,GHFE4Z
RQTE6U,RQTP6V
RQVE20,RQVP20
RQWEG9,RQWPG9
RQZE41,RQZP41
RR2ENR,RR2PUG
RR4EGY,RR4PFK
RR5E70,RR5P70
RR9E78,RW9P78,RW9X78
RRAE5Z,RRAPUG,RRAXUG
RRBE41,RRBJ41,RRBP41
RRCE52,RRCP52
RRFEE9,RRFPE9
RRHPUJ,RRHXUJ
RRJFMR,RRJIMR,RRJPMR
RRKE70,RRKP70
RRLE78,RRLP78,RRLX78,RRLY78,RRLZ78
RRME69,RRMI69,RRMP69,RRMX69
RRQE52,RRQP52,RRQX52
RRRE5Z,RRRPRM
RRSE4Q,GQTE4Q
RRSJ4Q,RRSP4Q,RRSX4Q
RRUFRT,RRUPRT
RRXPUG,RRXXUG
RRYEHG,RRYPHY
RS2E20,RS2EGJ,RS2PGJ
RS3E52,RS3J52,RS3P52,RS3X52
RS4EXS,RS4PXS
RS5EC8,RS5PC8
RS8J8N,E5BJ
RS9E8P,RS9P8P
RSAE78,RSAP78
RSBE01,RSBP01
RSBJ01,RSBK01
RSCD7D,RSCE7D,RSCP7D,RSCU7D
RSFE7U,RSFP99
RSHE69,RSHK69,RSHP69
RSIE69,RSIP69
RSKE52,RSKP52,RSKX52
RSLEAF,RSLJAF,RSLKAF,RSLPAF
RSME8P,RSMJ8P,RSMP8P
RSND69,RSNE69,RSNF69,RSNP69,RSNX69
RSOE4Z,RSOP4Z
RSPE01,RSPJ01,RSPK01,RSPP01,RSPW01
RSQJAF,RSQPAF
RSRE8P,RSRJ8P,RSRP8P
RSSEH4,RSSP7U
RSSJH4,RSSK52
RSTE64,RSTJ52,RSTP64
RSVE8P,RSVP8P
RSWE08,RSWP08
RSXE69,RSXJ13,RSXK69,RSXP69
RSYE20,RSYP7J
RT2E20,RT2P7J
RT3E54,RT3JEL,RT3P54
RT4EAF,RT4PAF
RT5E8P,RT5P8P
RT7E69,RT7F69,RT7P69
RT8E69,RT8P69
RT8J13,RT8K69
RT9E52,RT9P52
RTAE41,RTAP41
RTBE52,RTBP52
RTCE41,RTCP41,GWYE41,GWYX41
RTDJES,RTDK8M
RTEHMR,RVTFMR,RVTXMR
RTFE52,RTFJ52,RTFK52,RTFP52,RTFX52,RTFY52
RTHE52,RTHP52
RTIE8P,RTIJ8P,RTIP8P
RTJE68,RTJP68
RTKJDQ,RTKK8M
RTLE18,RTLP18
RTME41,GYRE41,GYRP41
RTNE41,RTNP41
RTQENR,RTQPUG,RTQXUG
RTRE18,RTRP18
RTSEVN,RTSP41
RTUFKM,RTUPKM
RTWE5D,RTWP5D
RTZK08,RTZP08
RU4P41,RU4X41
RU5P4Q,RU5V4Q,RU5X4Q
RU6EHG,RU6PHY
RU7E5G,RU7X5G
RUAE52,RUAP52
RUBEVN,RUBP7N
RUCPRT,RUCXRT
RUEE4Q,RUEP4Q,RUER4Q,RUEX4Q,RUEY4Q
RUFEMV,RUFJ99,RUFP99
RUGE7T,RUGP5G
RUHE52,RUHP52,RUHZ52
RUIE4Q,RUIP4Q,RUIX4Q
RULE4Q,RULP4Q,RULR4Q
RUOEPL,RUOPPL
RUQD78,RUQE78,RUQI78,RUQP78,RUQS78,RUQX78
RUREPL,RURPPL
RUSE78,RUSP78,RUSY78
RUSK78,RUSX78
RUUE01,RUUK01
RUXPUG,RUXXUG
RUYE41,RUYJ99,RUYP99
RUZE7T,RUZP5G
RV8E20,RV8PRT
RVBERS,RVBPRS
RVFE20,RVFP7J
RVIE4F,RVIP4F,GVHE4F
RVKEXJ,RVKKZA
RVNE20,RVNP7J
RVOEPL,RVOPPL
RVPEFS,RVPPFS
RVREFS,RVRPKG
RVSE69,RVSJ13,RVSP69
RVUE8P,RVUP8P
RVVE78,RVVP78
RVXFRT,RVXPRT
RVYD52,RVYE52,RVYK52,RVYP52,RVYX52,RVYY52
RVZE52,RVZP52
RW3E4Q,RW3J4Q
RW4D41,RWFH41,RZYF41,RZYP41,RZYS41
RW5F41,RW5P41
RWAD78,RWAE78,RWAJ78,RWAK78,RWAP78,RWAR78,RWAU78,RWAX78,RWAY78,RWAZ78
RWDE5G,RWDP5G
RWEEA4,RWEPA4
RWGE08,RWGJ08,RWGP08
RWIE18,RWIJ18,RWIP18
RWME78,RWMP78
RWOE69,RWOJ13,RWOP69
RWRE4F,RWRP4F
RWSE8P,RWSJ01,RWSK01,RWSP8P
RWTEG9,RWTPG9
RWUE52,RWUP52,RWUX52
RWWE78,RWWJ78,RWWP78,RWWX78
RWXES5,RWXPS5
RWZE5G,RWZP5G,RWZX5G
RX3E01,RX3J01
RX4E4Z,RX4PMT
RX5E52,RX5P52
RX6E78,RX6P78
RX9E69,RX9J13,RX9K69,RX9P69,RX9X69,RX9Y69
RXAE78,RXAP78
RXCE4Z,RXCPGT
RXDD4Q,RXDE4Q,RXDP4Q,RXDR4Q,RXDX4Q,RXDY4Q
RXGE6K,RXGP6K
RXIE52,RXIP52
RXKEGL,RXKFGL,RXKPGL
RXLE41,RXLP41
RXQEWR,RXQPWR
RXRERS,RXRPRS,RXRXRS
RXUE41,RXUP41,RXUX41,GXUE41
RXXE4Q,RXXJ4Q,RXXP4Q
RY2E41,RY2J41,RY2K41,RY2P41,RY2R41
RY3E41,RY3J41
RY3K41,RY3P41
RYBE69,RYBP69
RYDELT,RYDP6V
RYEEEB,RYEPHZ
RYGE9B,RYGP99
RYHES5,RYHPS5
RYIE9B,RYIPNK
RYKEAF,RYKK01
RYNE6U,RYNP6V
RYOEA4,RYOJA4,RYOPA4
RYQE69,RYQP69,RYQX69
RYRE41,RYRP41
RYWE01,RYWK01
RYXE20,RYXP7J
RZ9EG9,RZ9PG9
RZDE01,RZDJ01,RZDK01,RZDP01,GZ2E01,GZ2P01
RZEE52,RZEP52
RZHE5G,RZHP5G,RZHX5G
RZJD69,RZJE69,RZJJ13,RZJP69
RZKE20,RZKP7J
RZOE78,RZOP78
RZPE01,RZPJ01,RZPK01,RZPP01
RZREGT,RZRPGT
RZTE01,RZTJ01,RZTK01,RZTP01,RZTW01
RZZE8P,RZZJEL,RZZP8P
S22JAF,S22K01
S2BEPZ,S2BPXT
S2EE41,S2EP41
S2HE70,S2HP70
S2IE8P,S2IP8P
S2LE01,S2LP01
S2PEA4,S2PPA4,S2PXA4,S2PYA4
S2QE54,S2QP54
S2RPNK,STDEFP
S2UE41,S2UP41
S2VEG9,S2VPAF
S2WE78,S2WP78
S2XE41,S2XP41
S32PJW,SV6SRV
S3AE5G,S3APGT
S3BEWR,S3BPWR
S3EE78,S3EP78
S3FP69,S3FX69
S3IEA4,S3IPA4,S3IXA4,S3IYA4
S3ME69,S3MP69
S3PE4Q,S3PP4Q,S3PX4Q
S3WEG9,S3WPG9
S3XE78,S3XP78
S3ZE52,S3ZP52
S59E01,S59P01
S5BETL,S5BPKM
S5DE41,S5DP41
S5EE41,S5EP41
S5MEVZ,S5MPVZ
S5RESZ,S5RPNJ
S5TEG9,S5TPAF
S6BE4Q,S6BP4Q,S6BX4Q,S6BY4Q
S6IE78,S6IP78
S6RE52,S6RP52
S75E69,S75P69
S7AEWR,S7AKWR,S7AKZA,S7APWR
S7DE52,S7DP52
S7EE52,S7EP52
SA3E5G,SA3P5G,SA3XGT
SA6EG9,SA6PAF
SA8P52,SAZE52,SAZP52
SABENR,SABPJG
SAJE52,SAJP52
SAKENS,SAKPNS
SALE4Q,SALP4Q
SAOE78,SAOEVZ,SAOP78,SAOXVZ
SAVE5G,SAVX5G
SAWE52,SAWP52
SAXPFH,WMXJ,WMXP
SAYE20,SAYP41
SB3E08,SB3P08
SB4E01,SB4J01,SB4K01,SB4P01,SB4W01
SB5E54,SB5P54
SB6E52,SB6P52
SB9E78,SB9EVZ,SB9P78,SB9X78
SBDE08,SBDP08
SBDJ08,SBDK08
SBHEFP,SBHPNK
SBIEVZ,SBIPVZ
SBJEG9,SBJPAF
SBLE5G,SBLP5G
SBNEG9,SBNPG9
SBSEFP,SBSURN
SBVE78,SBVP78,SBVS78
SBYE41,SBYP41
SC2E8P,SC2P8P
SC4E64,SC4P64
SC7D52,SC7E52,SC7F52,SC7I52,SC7P52,SC7S52,SC7Z52
SC8E01,SC8J01,SC8K01,SC8P01
SCAE18,SCAP18
SCBE5V,SCBPNK
SCDE52,SCDP52
SCIE41,SCIP41
SCJE4Q,SCJP4Q
SCNEA4,SCNPA4
SCREJH,SCRPJH
SCXESZ,SCXPNJ
SCYE4Q,SCYP4Q,SCYR4Q,SCYX4Q,SCYY4Q,SCYZ4Q
SCZEMH,SCZPFR
SD2E41,SD2K41,SD2P41
SDBE78,SDBP78
SDEE5G,SDEPGT
SDFE4Q,SDFP4Q
SDGE4Q,SDGP4Q
SDIE4Q,SDIP4Q
SDLE78,SDLP78
SDMEG9,SDMPAF
SDNE41,SDNP41
SDPE54,SDPP54
SDVE41,SDVP41
SDWE18,SDWJ18
SDXE4Q,SDXP4Q
SDZE41,SJZP41
SE2E69,SE2P69
SE3E41,SE3P41
SE8E41,SE8P41
SEAE69,SEAP69
SECE69,SECP69
SEGE6U,SEGP6V
SELP69,SELX69
SEME4Q,SEMP4Q,SEMX4Q,SEMY4Q,SEMZ4Q
SEPE41,SEPP41
SERE4Q,SERF4Q,SERJ91,SERK8M,SERP4Q,SERV4Q
SESEWR,SESPWR,SESUWR
SF2P64,SFUE64
SF4E20,SF4PXT
SF5E41,SF5J41
SF8E01,SF8P01
SFGE69,SFGP69
SFIE01,SFIP01
SFKEG9,SFKPAF
SFQE8P,SFQP8P
SFRDRV,SFRPXT
SFTE78,SFTP78
SFWE69,SFWJ13,SFWK69,SFWP69,SFWX69,SFWY69,SFWZ69
SFYEG9,SFYPAF
SG2EFS,SG2PUG,SG2XUG,SG2YFS
SG7E20,SG7PVL
SGAE8P,SGAP8P
SGBE5G,SGBPGT
SGHE41,SGHP41,GGRD41,GGRE41,GGRP41
SGIEA4,SGIPA4
SGKEC8,SGKPC8
SGLEA4,SGLPA4
SGODKP,SGOETV,SGOPKP
SGREGT,SGRPGT
SGTEFS,SGTPUG
SGVEAF,SGVJAF,SGVPAF
SGYESZ,SGYPNJ
SH3E54,SH3P54
SH4EFP,SH4PNK
SH6E52,SH6P52
SH8E52,SH8P52
SH9ESZ,SH9PNJ
SHBE69,SHBP69
SHDE52,SHDP52
SHKE20,SHKPNQ
SHNE41,SHNP41
SHOXKR,SHOYKR
SHSE20,SHSPXT
SHVE78,SHVP78,SHVX78
SI3P69,SI3X69
SIDE54,SIDP54
SIFESZ,SIFPNJ
SIHE4Z,SSFPKM
SIIE8P,SIIJ01,SIIK01,SIIP8P
SIJE52,SIJP52
SISENR,SISPUH
SJ2EWR,SJ2PWR
SJ6E41,SJ6P41
SJ7E41,SJ7P41
SJBE52,SJBJ01,SJBP52
SJDE41,SJDK41,SJDP41
SJFPGR,SJFXGR
SJLEFS,SJLPXT
SJME5G,SJMPGT
SJNE41,SJNP41
SJOE41,SJOP41
SJQEPZ,SJQPGR
SJREA4,SJRPA4,SJRXA4,SJRYA4,SJRZA4
SJUE20,SJUPXT
SJXE41,SJXP41
SK4E52,SK4I52,SK4P52
SK7PVZ,SK7XVZ
SK8D52,SK8E52,SK8I52,SK8P52,SK8V52,SK8X52
SKAEA4,SKAPA4
SKGEA4,SKGPA4
SKKPHY,SKKXHY
SKNE52,SKNP52
SKOEA4,SKOPA4
SKSE54,SKSP54
SKTE78,SKTP78
SKUE78,SKUP78
SKXE20,SKXPFH
SKYE52,SKYP52,SKYX52,SKYY52,SKYZ52
SKZE52,SKZP52
SLAE78,SLAP78
SLEE78,SLEP78
SLGEYG,SLGPKM
SLHEWR,SLHPWR
SLREWR,SLRPWR
SLSEXJ,SLSJ01,SLSP01
SLTEJJ,SLTPLG
SLYESZ,SLYPNJ
SM2E52,SM2P52
SM5EAF,SM5PAF
SM8D52,SM8E52,SM8F52,SM8I52,SM8P52,SM8S52,SM8X52
SMAENR,SMAPGN
SMBE8P,SMBJ8P,SMBP8P
SMCENR,SMCPXT
SMFE4Q,SMFP4Q
SMGE78,SMGP78
SMJE52,SMJP52
SMNE01,SMNJ01,SMNK01,SMNP01,SMNW01,SMNC01
SMOE41,SMOJ41,SMOP41
SMPE69,SMPP69
SMRE78,SMRP78
SMSE78,SMSP78
SMZE78,SMZP78
SN4EDA,SN4XGT
SN9E54,SNKP54,SNKX54
SNBE41,SNBP41
SNCE8P,SNCJ8P
SNGEJJ,SNGPLG
SNHE69,SNHJ13,SNHP69
SNJE69,SNJP69
SNLE54,SNLP54,SNLX54
SNQE7U,SNQPLG
SNVE69,SNVJ13,SNVP69
SNYEVZ,SNYPVZ
SNZEVZ,SNZPVZ
SOIEEB,SOIPHZ
SOJE41,SOJP41
SOKEA4,WKJE
SONDMR,SONFMR,SONPMR
SOSEG9,SOSPAF
SOUE01,SOUJ01,SOUK01,SOUP01
SP2E01,SP2P01
SP5E70,SP5PVV
SP7EAF,SP7JAF,SP7PAF
SP8E78,SP8P78
SPDE52,SPDP52
SPEE20,SPEPXT
SPVEA4,SPVPA4,SPVXA4,SPVYA4
SQ2EPZ,SQ2PXT,SQ3EPZ
SQDE8P,SQDP8P
SQEENG,SQEPNG
SQFE5G,SQFPGT
SQIE4Q,SQIP4Q,SQIY4Q
SQKE5G,SQKK01
SQLE4Z,SQLPGN
SQME52,SQMP52
SQQEVZ,SQQPVZ
SQUDX3,SQUFX3,SQUPX3
SQVP69,SQVX69
SR4E41,SR4J41,SR4P41
SR5E41,SR5P41
SR6EHG,SRTXNL
SR7EHG,SRWXNL
SR8EHG,SREXNL
SR9EHG,SRLXNL
SRFE52,SRFP52
SRGE69,SRGP69
SRIE78,SRIP78
SRNE70,SRNP70
SROENS,SROKZ5,SROPNS
SRPE4Q,SRPP4Q
SRXE52,SRXP52
SRYEAF,SRYPAF
SS3EWR,SS3PWR,SS3UWR
SS4EWR,SS4UWR
SS7EFP,SS7URN
SS8E78,SS8P78
SSBE78,SSBP78
SSCDWR,SSCEPM,SSCFWR,SSCIWR,SSCPWR,SSCSWR,SSCXPM
SSEDNG,SSEPNG,SSEVNG
SSJEJJ,SSJPKM
SSNEYG,SSNPHY
SSPE52,SSPJGD,SSPP52,SSPX52,SSPY52
SSQE01,SSQJ01,SSQK01,SSQP01,SSQW01
SSRE20,SSRPXT
SSWDRM,SSWEPZ,SSWPGR
ST4PNX,ST4XNX
ST5E52,ST5P52
ST6E78,ST6P78
STAE78,STAP78,STAU78
STEETR,STEPTR
STHE8P,STHP8P
STKE08,STKJ08,STKP08
STLE78,STLP78
STMEGN,STMPKP
STOE4Q,STOP4Q,STOX4Q
STQJHF,STQP01,STQX01
STRE4Q,STRP4Q
STSE4Q,STSP4Q,STSR4Q,STSX4Q,STSY4Q
STTDRM,STTE52,STTXGR
STWE69,STWP69
STXE69,STXP69
STYE52,STYP52
STZE52,STZP52
SU2E54,SU2P54,SU2X54
SU3DMR,SU3FMR,SU3PMR,SU3SMR
SU4E78,SU4P78
SU5EVZ,SU5PVZ
SU6E5G,SU6P5G,SU6XGT
SU7EG9,SU7PAF
SU9E4Q,SU9P4Q,SU9X4Q
SUKE01,SUKK01
SUNEYG,WRQE,WRQP
SUOE41,SUOP41
SUPE01,SUPJ01,SUPK01,SUPP01
SUQENG,SUQPNG
SUUE78,SUUP78
SUVE52,SUVP52
SUWE78,SUWP78
SUXEA4,SUXPA4,SUXXA4,SUXYA4
SV2E78,SV2P78
SV4E8P,SV4P8P
SV7EVZ,SV7PVZ
SVBE52,SVBP52
SVCEPZ,SVCPXT
SVDE52,SVDP52
SVHE69,SVHP69,SVHX69
SVPESZ,SVPPNJ
SVQEVZ,SVQPVZ
SVVEG9,SVVPAF
SVXE52,SVXF52,SVXI52,SVXP52,SVXX52,SVXY52
SVYEG9,SVYPAF
SVZEVZ,SVZPVZ
SW3EJJ,SW3PKM
SW6E78,SW6P78
SW8DNG,SW8ENG,SW8PNG
SW9EVN,SW9PYT
SWAE52,SWAP52
SWBE52,SWBP52
SX3EXJ,SX3P01
SX4E01,SX4P01
SX7E52,SX7P52,FBKE,GTFEA4,GTFPA4
SX8E52,SX8P52
SXAE52,SXAP52
SXBE52,SXBP52
SXDE52,SXDP52
SXEE52,SXEP52
SXFE52,SXFP52
SXIE52,SXIP52
SZ2E5G,SZ2P5G,SZ2XGT
SZ3E5G,SZ3PGT
SZ5E5G,SZ5PGT
SZ7E41,SZ7P41
SZAE69,SZAP69
SZBE69,SZBP69
AMEE01,SAME01
AMNE01,ASMB01,PDUE01,SMNE05,SMNP05
BOWE01,SBSE01
C3ME52,RGHEMR
CEMU69,DEME
CG2P52,CGHE88,RCHC52
CG3ECS,CG3PCS,RGCS52
CGBP52,CGHE95
CGH3IM,CGIE52
CGH3ME,RGCM52
CGH3WD,RWDC52
CGHEMC,SXFF52
CSCPZZ,CTCP00
DUAP01,SMNPDU
FF4ENG,R4ZE01,WFFF4I
G01E01,G01J01,G01P01
G02E01,G02J01,G02P01
GGPE02,GGPJ02
GVS32E,GVSP8P
GVS45J,GVS45E
GVS46E,GVS46J,GVSJ9P
KMNE03,KMNJ03,KMNP03,NMNP01,NWRP01,SMNE03,SMNJ03,SMNP03
KMNE10,KMNP10,SMNE10,SMNJ10,SMNP10
MECPSI,SGI1MC
MKDE02,RMCEDK
MRRE01,MRRP01
NMGE01,NMGP01,SB4E02,SB4J02,SB4P02
NSSP01,SMNE06,SMNJ06,SMNP06
PPNE01,PPNP01
PROE01,SPRE01
R01PET,SISQ3Q,STQP75
R02PEA,STRP75
RDSZ70,RDZE70
RMCE02,RMCP02
RMCE03,RMCP03
RMCE04,RMCE05,RMCP04
RMCE64,RMCJ64,RMCP64
RMCE73,RMCE74,RMCEA1,RMCPA1
RMCE76,RMCJ76,RMCP76
RMCE93,RMCJ93,RMCP93
RMCEB1,RMCEB2
RMCECT,RMCEG2,RMCEGP,RMCJCT,RMCPG2
RMCEL1,RMCJL1,RMCPL1
RMGE52,SXEF52
RSBEN1,RSBEPM
RSBEPW,RSBEWM
SB4E05,SB4J05,SB4P05
SCLE01,SCLJ01,SCLP01
SDUEO1,SDUPO1
SFRE01,SFRJ01,SFRP01
SIS5OH,STPP75
SISHOH,STHP75
SISLOH,SSLPOH
SISR3Q,SISRP4
SISSOH,STSP75
SLBJ01,SLBP01
SMNE04,SMNJ04,SMNP04
SMNE07,SMNJ07,SMNP07
SMNE08,SMNJ08,SMNP08
SMNE11,SMNJ11,SMNP11
SMNE12,SMNJ02,SMNP02,SMNP12
SMNE14,SMNJ14,SMNP14
SMNE15,SMNJ15,SMNP15
SMNE20,SMNJ20,SMNP20
SMNE23,SMNJ23,SMNP23
SMNE31,SMNJ31,SMNP31
SMNE34,SMNJ34,SMNP34
SMNE35,SMNJ35,SMNP35
SMNE36,SMNJ36,SMNP36
SMNE37,SMNJ37,SMNP37
SMNE38,SMNJ38,SMNP38
SMNE39,SMNJ39,SMNP39
SMNE40,SMNJ40,SMNP40
SMNE41,SMNJ41,SMNP41
SMNE42,SMNJ42,SMNP42
SMNE44,SMNJ44,SMNP44
SMNE45,SMNJ45,SMNP45
SMNE46,SMNJ46,SMNP46
SMNE47,SMNJ47,SMNP47
SMNE48,SMNJ48,SMNP48
SMNE49,SMNJ49,SMNP49
SMNE50,SMNJ50,SMNP50
SMNE51,SMNP51
SMNE53,SMNJ53,SMNP53
SMNE54,SMNJ54,SMNP54
SMNE55,SMNJ55,SMNP55
SMNE56,SMNJ56,SMNP56
SMNE57,SMNJ57,SMNP57
SMNE58,SMNJ58,SMNP58
SMNE59,SMNJ59,SMNP59
SMNE60,SMNJ60,SMNP60
SMNE61,SMNJ61,SMNP61
SMNE62,SMNJ62,SMNP62
SMNE65,SMNJ65,SMNP65
SMNE66,SMNJ66,SMNP66
SMNE67,SMNJ67,SMNP67
SMNE68,SMNJ68,SMNP68
SMNELL,SMNJLL,SMNPLL
SMNELM,SMNPLM
SMNERE,SMNJRE,SMNPRE
SMNERV,SMNJRV,SMNPRV
SMNEXD,SMNJXD,SMNPXD
SMNEXR,SMNJXR,SMNPXR
SMNEYE,SMNJYE,SMNPYE
SMNEYL,SMNJYL,SMNPYL
SMNEYM,SMNJYM,SMNPYM
SMNEZA,SMNJZA,SMNPZA
SMNEZC,SMNJZC,SMNPZC
SMNEZD,SMNJZD,SMNPZD
SMNEZN,SMNJZN,SMNPZN
SMNEZO,SMNJZO,SMNPZO
SMNEZP,SMNJZP,SMNPZP
SMNEZT,SMNJZT,SMNPZT
SMNEZU,SMNJZU,SMNPZU
SMNEZV,SMNJZV,SMNPZV
SMNEZW,SMNJZW,SMNPZW
SMNEZY,SMNJZY,SMNPZY
SMNJ51,SMNJ52,SMNP52
SMNJMI,SMNPMI
SMVE01,SMVJ01,SMVP01
SMWE01,SMWJ01,SMWP01
SURE01,UUUE01
W24E,W24P
W2CE,W2CJ,W2CP
W2GF,W2GI
W2GP,W2GS
W2IE,W2IP
W2KE,W2KJ,W2KP
W2LE,W2LP
W2ME,W2MP
W2OE,W2OP
W3BE,W3BP
W3FE,W3FP
W3GE,W3GP
W3GF,W3GI
W3ME,W3MP
W44E,W44P
W4TE,W4TP
W54E,W54P
W5AE,W5AP
W8CE,W8CP
W8WE,W8WP
W9RE,W9RP
W9UE,W9UP
WA4E,WA4J
WA8J,WA8P
WAAE,WAAP
WABE,WABP
WACE,WACP
WAFE,WAFP
WAIE,WAIP
WAJE,WAJP
WANE,WANP
WAYE,WAYP
WB2E,WB2P
WB3E,WB3P
WB4E,WB4J,WB4P
WB5E,WB5J,WB5P
WB6E,WB6J,WB6P
WB7E,WB7P
WB8E,WB8P
WBBE,WBBP
WBDE,WBDP
WBFE,WBFP
WBGP,WNGE
WBHE,WBHP
WBKE,WBKJ,WBKP
WBLE,WBLP
WBME,WBMP
WBNE,WBNJ,WBNP
WBQE,WBQJ,WBQP
WBRP,WKDE
WBSE,WBSJ,WBSP
WBTJ,WTBJ
WBVE,WBVP
WBWE,WBWP
WBXE,WBXP
WBYE,WBYP
WBZE,WBZP
WC2E,WC2J,WC2P
WC6E,WC6P
WCIE,WCIJ,WCIP
WCJE,GC7PNK
WCKE,WCKJ,WCKP
WCOE,WCOP
WCPE,WCPP
WCUE,WCUP
WCVE,WCVP
WCZE,WCZJ,WCZP
WDDE,WDDJ,WDDP
WDEE,WDEP
WDFE,WDFP
WDHE,WDHP
WDOE,WDOP
WDPE,WDPJ
WDSE,WDSP
WDVE,WDVP
WE9E,WE9J,WE9P
WEME,WEMP
WENE,WENP
WEQE,WEQP
WERE,WERP
WEVE,WEVP
WF2E,WF2P
WF4E,WF4P
WF5E,WF5P
WFAE,WFAP
WFBE,WFBP
WFCE,WFCP
WFDE,WFDP
WFFE,WFFJ,WFFP
WFGE,WFGJ,WFRP
WFHE,WFHP
WFIE,WFIP
WFME,WFMP
WFNE,WFNP
WFQE,WFQP
WFUE,WFUP
WFXE,WFXP
WGAE,WGAP
WGDE,WGDP
WGGE,WGGP
WGOE,WGOJ,WGOP
WGSE,WGSI,WGSP
WH3E,WH3P
WHEE,WHEP
WHFE,WHFP
WHPE,WHPP,WHPU
WHUE,WHUJ,WHUP
WHXE,WHXP
WHZE,WHZP
WIDE,WIDP
WINE,WINP
WITE,WITP
WIVE,WIVJ,WIVP
WJAE,WJAP
WJEE,WJEP
WJFE,WJFP
WJSE,WJSP
WJWE,WJWP
WKCE,WKCP
WKIE,WKIP
WKTJ,WKTP
WLCE,WLCP
WLDJ,WLJJ
WLEE,WLEP
WLLE,WLLP
WLME,WLMP
WLNE,WLNP
WLOE,WLOJ,WLOP
WLPE,WLPJ,WLPP
WLTE,WLTP
WLWE,WLWJ,WLWP
WLZE,WLZP
WM2E,WM2P
WM3E,WM3P
WM4E,WM4P
WM7E,WM7P
WM8E,WM8P
WMAE,WMAP
WMJE,WMJP
WMKE,WMKP
WMLE,WMLJ
WMME,WMMP
WMOE,WMOP
WMRE,WMRP
WMSE,WMSP
WMWP,WMWX
WN9E,WN9P
WN9J,PANJ
WNKE,WNKP
WNSE,WNSP
WNVE,WNVJ
WO6E,WO6P
WOAE,WOAP
WOBE,WOBP
WOGE,WOGP
WOSE,WOSP
WOTE,WOTJ
WOYE,WOYP
WP2E,WP2P
WP4E,WP4P
WPBE,WPBP
WPIE,WPIP
WPJE,WPJP
WPKE,WPKP
WPPE,WPPP
WPQE,WPQP
WPSE,WPSP
WPVE,WPVP
WPYE,WPYP
WR2E,WR2P
WR5E,WR5P
WR9E,WR9P
WRBE,WRBP
WRDE,WRDP
WRFE,WRFP
WRGE,WRGP
WRIE,WRIJ,WRIP
WRLE,WRLP
WRNJ,WRUE
WRTE,WRYE,WRYP
WRXE,WRXP
WS9E,WS9P
WSAE,WSAP
WSME,WSMP
WSNE,WSNP
WSUE,WSUP
WSWE,WSWP
WSXE,WSXP
WSZE,WSZP
WTKE,WTKP
WTME,WTMP
WTPE,WTPJ,WTPP
WTRE,WTRP
WTTE,WTTP
WTXE,WTXP
WUBE,WUBP
WUHE,WUHJ
WUNE,WUNJ,WUNP,DU7A
WURE,WURP
WVFE,WVFP
WVIE,WVIP
WVKE,WVKP
WVQE,WVQP
WVSE,WVSP
WWTE,WWTP
WXBE,WXBP
WXRE,WXRP
WYIE,WYIP
WYME,WYMP
WZHE,WZHP
WZPE,WZPP
WZZE,WZZP
XH2E,XH2P
XH6E,XH6P
XH7E,XH7P
XH8E,XH8P
XHAE,XHAP
XHCE,XHCJ,XHCP
XHDE,XHDP
XHEE,XHEJ,XHEP
XHFE,XHFP
XHJE,XHJP
XHKE,XHKP
XHLE,XHLP
XHME,XHMP,XHOP
XHNP,XHZE,XHZP
XHQE,XHQP
XHRE,XHRP
XHVE,XHVP
XHWE,XHWP
XHXE,XHXP
XHYE,XHYP
XI2E,XI2P
XI8E,XI8P
XIAE,XIAP
XIBE,XIBP
XICE,XICP
XIDE,XIDP
XIEE,XIEP
XIGE,XIGP
XIHE,XIHP
XIJE,XIJP
XIKE,XIKP
XINE,XINP
XIOE,XIOP
XIPE,XIPP
XISE,XISP
XITE,XITP
XIUE,XIUP
XIVE,XIVP
XIZE,XIZP
XJDE,XJDP
XJEE,XJEP
XJGE,XJGP
XJHE,XJHP
XJIE,XJIP
XJJE,XJJP
FA4J,FA4P
FA6E,FA6P
FA7E,FA7T
FA8E,FA8F,FA8P,FA8T
FA9E,FA9P
FAAE,FAAJ,FAAP,FAAT
FABE,FABJ,FABP
FACE,FACJ,FACP
FAFE,FAFJ,FAFP,FAFQ
FAGE,FAGJ,FAGP,FAGQ
FAHE,FAHJ,FAHP
FAIE,FAIJ,FAIP
FAJE,FAJJ,FAJP
FAKE,FAKP,FAKT
FALE,FALJ,FALP
FAME,FAMP
FANE,FANJ,FANP,FANT
FAOE,FAOP,E6NE,E6NP
FAOJ,E6NJ
FAPE,FAPP,FAPT
FAQL,FAQN
FARE,FARJ,FARP,PAQJ
FASE,FASJ,FASP,FAST,E7HJ
FAVE,FAVJ,E6ME,E6MJ
FAWE,FAWJ
FAXE,FAXJ,FAXP,FAXT
FAYJ,E5AJ
FB2J,FBYE,FBYP
FB2L,FB2N
FB4E,FB4P
FB5E,FB5J
FBBE,FBBJ,FBBP
FBCE,FBCJ,FBCP
FBDE,FBDP,FBDT
FBEE,FBEJ,FBEP
FBHE,FBHP
FBHJ,JAIJ
FBJE,FBJJ,FBJP
FBLE,FBLJ,FBLM
FBNE,FBNM,E6PE
FBQJ,E7ZJ
FBRE,FBRJ,FBRP,FBRT,E68J
FBSE,FBSM
FBUE,FBUJ,FBUP,FBUT
FBWJ,FBWQ
FBYJ,FBYQ
FBZE,FBZJ,FBZP
FC3E,FC3J,FC3P,FC3T
FC6E,FC6P
FC7E,FC7J
FC8E,FC8P
FCAE,FCAJ
FCPE,FCPJ,FCPP
FCRE,FCRP,PAKJ
FCTE,FCTP
FCUE,FCUJ,FCUP
FCVE,FCVJ,FCVP
FCWE,FCWJ,FCWP,FCWQ
FCYE,FCYP
FD2E,FD2J,FD2P
FD3J,FD3Q
FD6E,FD6P
FD7E,FD7P
FDAE,FDAJ,FDAM
FDEJ,E73E,E73J,E73P
FDGE,E54E
FDNE,FDNP
FDOE,FDOJ,FDOP
FDPE,FDPP
FDQE,FDQP
FDTE,FDTJ,E5VJ
FDVJ,FDVQ
FDZJ,FDZQ
FECJ,E7YJ
FEDJ,FEDL,FEDN,E67J
FEIE,FEIJ,FEIP
FEML,FEMN
FENJ,PA3J,XAQJ
FERE,FERP
FESE,FESJ,FESP
FEUE,FEUJ,FEUP
FEWJ,E7EJ
FF4E,FF4J
FF5E,FF5P
FFAE,FFAJ,FFAM
FFBJ,JC8E,JC8M
FFEE,FFEP
FFFJ,JDAE,JDAM,JDAP
FFME,FFMP
FFNE,FFNP
FFQE,FFQM
FFRE,FFRJ,FFRP
FFUE,FFUP
FFVM,FFVP
FFYE,FFYP
FFZY,XALJ
JA6E,JA6J
JA7D,JA7E,JA7F,JA7P
JA8E,JA8J,JA8P
JAAE,JAAJ,JAAP,JAAQ,JAAT
JACE,JACJ,JACP,JACT
JADD,JADE,JADF,JADP,JADT
JAEE,JAEP,JAET
JAFD,JAFF,JAFJ,JAFP
JAHJ,JAHQ
JAIE,JAIP
JAJE,JAJP
JALE,JALT
JAME,JAMJ,JAMM,JAMT
JAVE,JAVJ,JAVP,JAVT
JAZD,JAZP
JB3D,JB3E,JB3J,JB3P
JBBE,JBBJ,JBBP,MC3E,MC3P
JBCE,JBCP,JBCT
JBDD,JBDP
JBIE,JBIJ,JBIP
JBKE,JBKP
JBLE,JBLP
JBLJ,E74J
JBNE,JBNJ
JBOJ,JBOQ
JBQE,JBQJ
JBRE,JBRJ,JBRP
JBSE,JBSJ,JBSP
JBTE,JBTJ,JBTP
JBWE,JBWP,JBWT
JBYE,JBYJ,JBYP,JBYT
JC4E,JC4P
JC7E,JC7J
JCBE,JCBM
JCJE,JCJJ
JCKE,JCKJ,QA5J
JCLD,JCLE,JCLF,JCLP
JCNE,JCNJ,JCNP
JCTE,JCTM
JCVE,JCVJ,JCVP
JCWE,JCWJ,JCWP
JD3E,JD3J
JD4E,JD4P
JD5E,JD5P
JD6E,JD6M
JD7E,JD7P
JD8E,JD8P
JD9E,JD9M
JDCE,JDCP
JDDE,JDDP
JDEE,JDEP
JDIE,JDIJ,JDIP
JDJE,JDJP
JDLE,JDLP
JDNE,JDNJ,JDNP
JDVE,JDVJ,JDVP
JDWJ,JDWP
JDXE,JDXP
JDZD,JDZF,JDZP
JEAE,JEAJ,JEAM,JEAP
JEBE,JEBP
JECE,JECJ,JECM,JECP
JEHE,JEHP
NA3E,NA3J,NA3P
NAAE,NAAJ,NAAP
NABE,NABJ,NABP,NABT
NACE,NACP
NADE,NADJ,NADT
NAEE,NAEP
NAFE,NAFJ,NAFP
NAHE,NAHJ,NAHP
NAIE,NAIP
NAKD,NAKE,NAKF,NAKI,NAKJ,NAKP,NAKS
NALE,NALP
NAME,NAMP,NAMT
NAND,NANE,NANF,NANJ,NANP
NAOE,NAOJ,NAOT
NARE,NARP
NASE,NASP
NATE,NATP
NAUE,NAUP
NAYE,NAYJ,NAYM
NAZE,NAZJ,NAZP
NTLC,NZXM
LABE,LABJ,LABP
LACE,LACP
LADE,LADJ,LADP
LAEE,LAEJ,LAEP
LAGE,LAGJ,MAHE,MAHJ,MAHP
LAHE,LAHJ,LAHP,E62E,E62J,E62P
LAIE,LAIJ,LAIP
LAJE,LAJJ,MBBE,MBBJ,MBBP
LAKE,LAKP,E5WE,E5WJ,E5WP
LAME,LAMJ,LAMP
LANE,LANJ,LANP
LAOE,LAOJ,LAOP,PADE,PADP
LAPE,LAPP
LAQE,LAQP
MA3E,MA3L
MA6E,MA6P
MA7E,MA7P
MA8E,MA8P
MAAE,MAAP,E6XE,E6XJ,E6XP
MABE,MABJ,MABP
MACE,MACP
MACJ,E5YJ
MADE,MADJ,MADP
MAEE,MAEJ,MAEP,E6WE,E6WJ,E6WP
MAFE,MAFJ,MAFP
MAGE,MAGJ,MAGP
MAIE,MAIJ,MAIP
MAJJ,MAJP
MAKE,MAKJ,MAKP
MALE,MALJ,MALP
MANE,MANJ,MANP
MAOE,MAOP
MAPE,MAPJ,MAPP
MAQE,MAQP
MASE,MASJ,MASP
MATE,MATJ,MATP
MAWE,MAWJ,MAWP
MAYE,MAYJ,MAYP
MAZE,MAZP
MB3E,MB3J,MB3L
MB6E,MB6P
MB7E,MB7P
MB8E,MB8P
MBAJ,MBAL,MBAN
MBCE,MBCP
MBDE,MBDJ,MBDP
MBEE,MBEP
MBGE,MBGJ,MBGP
MBIE,MBIP
MBJE,MBJP
MBKJ,MBKP
MBME,MBMJ,MBMP
MBOE,MBOJ,MBOP
MBPE,MBPJ,MBPP
MBQE,MBQP
MBRE,MBRJ,MBRP,E64J
MBTE,MBTJ,MBTP
MBWE,MBWM
MBXE,MBXJ,MBXM
MBYE,MBYJ,MBYP
MBZE,MBZJ,MBZP
MC2E,MC2J,MC2P
MC4E,MC4P
MCAJ,MCAL,MCAN
MCDE,MCDJ,MCDP
MCEJ,MCEN,MCEP
MCFJ,E7MJ
MCGE,MCGJ,MCGP
MCJE,MCJP
MCKE,MCKP
MCPE,MCPJ,MCPP
MCRE,MCRP
MCSJ,MCSN,MCSP,QAUJ
MCTE,MCTP
MCUJ,MCXJ
MCVE,MCVJ,MCVP
MCWE,MCWJ,MCWP
MCYE,MCYP
PA6E,PA6P
PA7E,PA7J,PA7P
PA8E,PA8J,E66J
PA9E,PA9J,PA9P,E7UJ
PABE,PABP
PACE,PACJ,PACP
PAEE,PAEJ,PAEP
PAFE,PAFP
PAGJ,PAGN
PAHE,PAHJ,PAHP
PAIE,PAIP
PAKE,PAKP
PALE,PALJ,PALP
PAME,PAMP
PANE,PANP
PAOJ,PAOL,PAON
PARL,PARN
PAVE,PAVJ,PAVP
PAWJ,E7QJ
PAYJ,E65J
PAZJ,E75J
PB2E,PB2J,PB2P
PB3E,PB3P
PB6E,PB6P
PB8E,PB8J,PB8P
PB9E,PB9P
PBAE,PBAJ,PBAP,E7GJ
PBDE,PBDJ,PBDP
PBEE,PBEJ
PBHE,PBHP
PBJE,PBJP
PBME,PBMJ,PBMP
PBNE,PBNP
PBSE,PBSP
PBTE,PBTP
PBXE,PBXP
PBZE,PBZP
PC2E,PC2J,PC2P
PC5J,E7FJ
PCAE,PCAJ,PCAP
PCBE,PCBP
PCEE,PCEJ,PCEP
PCHE,PCHP
PCOE,PCOP
PCRJ,PCRL,PCRN
PCSJ,PCSL
PCVE,PCVP
PDJJ,PDJL
QA3E,QA3P
QAAE,QAAP
QABE,QABP
QACJ,QACL,QACN
QADJ,QADL
QAFE,QAFP
QAGE,QAGJ,QAGP
QAPL,QAPP,SP4V
QASE,QASP
QATE,QATP
QAUE,QAUP
QAWJ,QAWL,QAWN
QBBE,QBBJ,QBBP
EA2E,EA2J,EA2P
EA4E,EA4P
EA6E,EA6J,EA6P
EA7E,EA7P
EAAE,EAAP
EABE,EABJ,EABP
EACE,EACJ,EACP
EADE,EADP
EAEE,EAEP
EAFE,EAFP
EAGE,EAGJ,EAGP
EAHE,EAHJ,EAHP
EAIE,EAIJ,EAIP
EAJE,EAJJ,EAJP
EAKE,EAKJ,EAKP
EALE,EALP
EAME,EAMJ,EAMP
EANE,EANP
EAOE,EAOJ,EAOP
EAPE,EAPJ,EAPP
EAQE,EAQJ,EAQP
EARE,EARJ,EARP
EATE,EATJ,EATP
EAVJ,EAVP
EAWE,EAWP
EAZE,EAZJ,EAZP
EB2E,EB2P
EB5E,EB5J,EB5P
EB6E,EB6J,EB6P
EB8E,EB8J,EB8P
EBAE,EBAP
EBDE,EBDJ
EBGE,EBGJ,EBGP
EBQE,EBQP
EBSE,EBSP
EBUE,EBUP
EBWE,EBWP
EBXE,EBXJ,EBXP
EBZE,EBZP
ECAE,ECAP
ECCE,ECCJ,ECCP
ECEE,ECEP
ECGE,ECGJ,ECGP
ECHE,ECHP
ECIE,ECIP,ECJJ
ECIJ,ECJE,ECJP
ECKE,ECKJ,ECKP
ECNE,ECNP
E52E,E52J,E52P
E53E,E53P
E55E,E55P
E56E,E56P
E57E,E57P
E5ZE,E5ZJ,E5ZP
E63E,E63J,E63P
E6QE,E6QP
E6VJ,E6VP
E6ZJ,E6ZP
E79E,E79J,E79P
E7ZE,E7ZP,PKBJ01
C97E,C97P
C9HE,C9HP
C9IE,C9IP
C9ME,C9MP
C9XE,C9XJ,C9XP
C9YE,C9YJ,C9YP
HAAA,HAYA,HAYK
HABA,HABK
HACA,HACK
HADE,HADJ,HADP
HAFE,HAFJ,HAFP
HAGE,HAGJ,HAGP
HAJE,HAJJ,HAJP
HAPJ,HAPP
HATE,HATJ,HATP
HAVK,HAVP
HAWE,HAWP
HC4E,HC4P
HCFE,HCFJ,HCFK,HCFP
HCGE,HCGJ
HCGP,HCGX
HCLE,HCLP
HCRE,HCRK
HCRJ,HCRP
HCSE,HCSJ,HCSP
HCTE,HCTJ,HCTP
HCUE,HCUJ,HCUP
HCWE,HCWP
HCXE,HCXJ,HCXP
JODI,LULZ,OHBC
DATA,DATD
DEFA,DFUA
DWSA,WPSX
D33J01,D34J01
D43E01,D43P01,D43W01
D4BP01,D4BU01
DLSE64,DLSP64
G2BE5G,G2BP7D
G2CD52,G2CE52,G2CP52,G2CX52
G2FD78,G2FE78,G2FF78,G2FP78
G2KE8P,G2KP8P
G2ME01,G2MP01
G2OE41,G2OP41
G2TE52,G2TP52
G2VE08,G2VP08
G2XE8P,G2XJ8P,G2XP8P
G3AD69,G3AE69,G3AF69,G3AP69,G3AS69
G3BE9G,G3BP9G
G3DE6L,G3DP6L,G3DX6L
G3EE51,G3EJ51,G3EP51
G3FD69,G3FE69,G3FF69,G3FP69,G3FS69
G3LE8P,G3LP8P
G3RD52,G3RE52,G3RF52,G3RM52,G3RP52
G3SJC0,G3SWC0
G3VE69,G3VP69
G3XE52,G3XP52
G3YP52,G3YX52,G3YY52
G4BD08,G4BE08,G4BP08
G4CE54,G4CP54
G4FD69,G4FF69,G4FP69
G4IE52,G4IP52
G4OE69,G4OP69
G4PJ13,GCIE69,GCIP69
G4QE01,G4QJ01
G4SE01,G4SP01
G4ZE69,G4ZP69
G5DE78,G5DP78
G5NEAF,G5NP69
G5SE7D,G5SP7D
G5TE69,G5TP69
G63E41,G63P41
G6FD69,G6FE69,G6FF69,G6FP69
G6ME69,G6MP69
G6NE69,G6NP69
G6SE7D,G6SP7D
G6TE5G,G6TP78
G6WE69,G6WP69
G8ME01,G8MP01
G8WE01,G8WP01
G97E01,G99P01
G9RD7D,G9RE7D,G9RF7D,G9RH7D,G9RP7D
G9SE8P,G9SJ8P,G9SP8P
G9TD52,G9TE52,G9TF52,G9TI52,G9TJC0,G9TP52
GA3E51,GA3J51
GAFE01,GAFP01,GAFU01
GALE01,GALP01
GANE7U,GANP7U
GATE51,GATP51
GAZD69,GAZE69,GAZF69,GAZH69,GAZI69,GAZM69,GAZP69,GAZS69
GB3E51,GB3P51
GB4E51,GB4P51
GBDE5G,GBDF7D,GBDP7D,GBDS7D
GBGE5G,GBGJ18,GBGP7D
GBHDC8,GBHEC8,GBHFC8,GBHPC8
GBIE08,GBIP08
GBLE52,GBLP52
GBME7F,GBMJ28,GBMP7F
GBOE51,GBOP51
GBQE78,GBQP78
GBSE8P,GBSJ8P,GBSP8P
GBTE70,GBTP70
GBWD64,GBWE64,GBWF64,GBWP64,GBWS64
GBXE51,GBXP51
GBZE08,GBZP08
GC2E9G,GC2P75
GC3D78,GC3E78,GC3F78,GC3P78
GC6E01,GC6J01,GC6P01
GCBE7D,GCBP7D
GCCE01,GCCJ01,GCCJGC,GCCP01
GCDE08,GCDP08
GCEE41,GCEP41
GCFE9G,GCFP75
GCGE41,GCGP41
GCHE78,GCHP78
GCJE41,GCJP41
GCLE69,GCLP69
GCNE7D,GCNP7D
GCOD52,GCOE52,GCOF52,GCOP52
GCPE6S,GCPP6S
GCQD7D,GCQF7D,GCQP7D
GCSEAF,GCSPAF
GCTE51,GCTJ8P,GCTP51
GCZE69,GCZP69
GD6EB2,GD6P70
GD9E69,GD9P69
GDCE51,GDCP51
GDED71,GDEP71
GDEE71,GDEF71
GDIE7D,GDIP7D,GDIX7D,GDIY7D
GDKEA4,GDKJA4
GDLEA4,GDLJA4,GDLPA4
GDME01,GDMP01
GDQE7L,GDQP6S
GDREAF,GDRP69
GDSE78,GDSP78
GDTE69,GDTP69
GDVE6L,GDVP6L
GDXEA4,GDXJA4,GDXPA4
GEAE8P,GEAP8P
GEBEA4,GEBPA4
GEDE01,GEDP01,GEDW01
GEGJ8P,GEZE8P,GEZP8P
GEND69,GENP69
GENF69,GENS69
GEOJ08,GEOP08
GESEA4,GESJA4,GESPA4
GEWE41,GEWP41
GEXE52,GEXX52
GEXP52,GEXY52
GEYE69,GEYJ13,GEYP69
GF2E69,GF2P69
GF3E8P,GF3P8P
GF4D52,GF4E52,GF4F52,GF4H52,GF4I52,GF4P52,GF4S52
GF5D69,GF5F69,GF5H69,GF5I69,GF5P69,GF5S69
GF6D69,GF6F69,GF6H69,GF6I69,GF6P69,GF6S69
GF8E69,GF8P69
GFAD69,GFAE69,GFAF69,GFAJ13
GFAI69,GFAP69,GFAS69
GFDD69,GFDE69,GFDF69,GFDP69
GFEE01,GFEP01
GFGEA4,GFGPA4
GFIE69,GFIJ13,GFSD69,GFSP69,GFSX69
GFKE69,GFKP69
GFNJG2,GNED78,GNEE78,GNEF78,GNEP78,GNES78
GFSE69,GFSJ13
GFTE01,GFTP01
GFUE4Z,GFUP6V
GFYE69,GFYP69
GFZE01,GFZJ01,GFZP01
GG4E08,GG4J08,GG4P08
GGEP41,GGEX41,GGEY41
GGPJAF,GGPJB2
GGSEA4,GGSJA4,GGSPA4
GGVD78,GGVX78
GGYE41,GGYP41
GGZE52,GGZH52,GGZI52,GGZJB2,GGZP52,GGZS52,GGZX52
GH2E69,GH2P69
GH3E69,GH3P69
GH4D69,GH4E69,GH4F69,GH4H69,GH4I69,GH4M69,GH4P69,GH4S69
GH5D52,GH5E52,GH5F52,GH5P52
GH6EAF,GH6P7N
GH9P52,GWJE52
GHAE08,GHAP08
GHBE7D,GHBP7D
GHCD4Q,GHCE4Q,GHCF4Q,GHCJG9,GHCP4Q
GHKD7D,GHKE7D,GHKF7D,GHKP7D,GHKS7D
GHLE69,GHLY69,GHLZ69
GHLP69,GHLX69
GHMD4F,GHME4F,GHMF4F,GHMP4F
GHNE71,GHNX71
GHQE7D,GHQP7D
GHRE78,GHRP78
GHSE69,GHSP69,GHSX69,GHSY69
GHUF7D,GHUP7D
GHVE08,GHVP08
GHWE78,GHWP78
GIBE4F,GIBP4F
GICD78,GICE78,GICF78,GICH78,GICP78
GIHD78,GIHE78,GIHP78
GIJEFP,GIJJC0,GIJKC0
GIKE70,GIKJ70,GIKP70
GILE51,GILP51
GINE69,GINX69
GIPEAF,GIPJB2
GIQE78,GIQJ8P,GIQX78,GIQY78
GISE36,GISP36
GITE01,GITP01
GJBE18,GJBE5G,GJBJ18
GJCE8P,GJCP8P
GJDE5S,GJDX7D,GJDY7D
GJFE78,GJFP78
GJKD52,GJKE52,GJKF52,GJKP52
GJNE78,GJNP78
GJUD78,GJUF78,GJUP78
GJWE78,GJWP78
GJXE51,GJXP51
GJZE52,GJZP52
GK2D52,GK2E52,GK2F52,GK2I52,GK2P52
GK3E8P,GK3P8P
GK5E78,GK5P78,GK5X78
GK7E08,GK7J08
GKGE01,GKGJ01,GKGP01
GKHEA4,GKHPA4
GKKE69,GKKP69
GKLD69,GKLE69,GKLF69,GKLI69,GKLJ13,GKLP69,GKLS69
GKME41,GKMP41
GKOE70,GKOP6V
GKREB2,GKRPB2
GKSE52,GKSP52,GKSX52
GKYE01,GKYP01
GKZE9G,GKZP54
GL5E4F,GL5P4F,GL5X4F
GL7E64,GL7P64
GL8D4F,GL8E4F,GL8F4F,GL8P4F
GLCD52,GLCE52,GLCF52,GLCP52,GLCS52
GLEE08,GLEP08
GLHEG9,GLHPG9
GLME01,GLMJ01,GLMP01
GLNE69,GLNP69
GLOD69,GLOE69,GLOF69,GLOI69,GLOP69,GLOS69
GLQE41,GLQP41
GLRD64,GLRE64,GLRF64,GLRP64,GWXJ13
GLSD64,GLSE64,GLSF64,GLSP64
GLVD4Q,GLVE4Q,GLVF4Q,GLVP4Q
GLWE51,GLWP51
GLYE69,GLYP69
GLZD69,GLZF69,GLZP69
GM2E8P,GM2J8P,GM2P8P
GM3E69,GM3P69
GM4E01,GM4J01,GM4P01
GM5D7D,GM5E7D,GM5F7D,GM5P7D
GM6EE9,GM6PE9
GMAE51,GMAP51
GMBE8P,GMBJ8P,GMBP8P
GMEE70,GMEP70
GMFD69,GMFE69,GMFF69,GMFI69,GMFP69,GMFS69
GMIE70,GMIP70
GMJE41,GMJP41
GMKD5D,GMKE5D,GMKP5D
GMNE78,GMNP78
GMPE01,GMPJ01,GMPP01
GMQE70,GMQP70
GMRE70,GMRP70
GMSE01,GMSJ01,GMSP01
GMTE69,GMTP69
GMWD52,GMWE52,GMWF52,GMWP52
GMXE70,GMXJB2,GMXP70
GN3E5D,GN3P5D
GN5E69,GN5P69
GN6E69,GN6P69
GN7E69,GN7P69
GN8E69,GN8P69
GN9E70,GNPP70
GNBE01,GNBJ01,GNBP01
GNDD69,GNDE69,GNDF69,GNDP69
GNIEA4,GNIPA4
GNLE69,GNLP69
GNNE69,GNNP69
GNQE69,GNQP69
GNSE69,GNSJ13
GNVE69,GNVP69
GNWE69,GNWP69
GNZE69,GNZP69
GO2D4F,GO2E4F,GO2F4F,GO2P4F
GO7D69,GO7F69,GO7P69,GO7S69
GOFE7L,GOFP6S
GOND69,GONE69,GONF69,GONP69
GOOE01,GOOJ01,GOOP01
GOWD69,GOWE69,GOWF69,GOWJ13,GOWP69
GOYD69,GOYE69,GOYF69,GOYP69,GOYS69
GP2EAF,GP2P69
GP3E78,GP3P78
GP5E01,GP5J01,GP5P01
GP6E01,GP6J01,GP6P01
GP7E01,GP7J01,GP7P01
GP8EAF,GP8P69
GP9E7F,GP9J28,GP9P7F
GPAE01,GPAJ01,GPAP01,GPAU01
GPDE51,GPDP51
GPHD52,GPHE52,GPHF52,GPHP52
GPLD9G,GPLE9G,GPLF9G,GPLP9G
GPNE08,GPNJ08,GPNP08
GPOE8P,GPOJ8P
GPQE6L,GPQP6L
GPRE7U,GPRP7U
GPSE8P,GPSJ8P,GPSP8P
GPTE41,GPTP41
GPUE8P,GPUP8P,GPYJ8P
GPWEAF,GPWP69
GPXE01,GPXJ01,GPXP01
GQCD52,GQCE52,GQCF52,GQCI52,GQCP52,GQCS52
GQLE9G,GQLP54
GQQD78,GQQF78
GQQE78,GQQH78,GQQP78
GQSDAF,GQSEAF,GQSFAF,GQSIAF,GQSPAF,GQSSAF,GTOJAF
GQWE69,GQWP69,GQWX69
GQXE69,GQXP69
GR2E52,GR2P52
GR4EMZ,GR4PMZ
GR6D78,GR6E78,GR6F78,GR6P78
GR8D69,GR8E69,GR8F69,GR8P69,GRZJ13
GR9E6L,GR9P6L
GRAE5Z,GRAP75
GREE08,GREP08
GRFD78,GRFE78,GRFF78,GRFP78
GRHE41,GRHP41
GRKE41,GRKP7G
GRLE41,GRLP41
GRNE52,GRNP52
GRRE78,GRRF78,GRRP78
GRSEAF,GRSJAF,GRSPAF
GRUE78,GRUF78,GRUP78
GS2D78,GS2E78,GS2P78
GS3E51,GS3P51
GS8E7D,GS8P7D
GS9E6S,GS9P6S
GSAE01,GSAP01
GSBJ8P,GSNE8P,GSNP8P
GSCE51,GSCP51
GSHE5D,GSHP5D
GSMD52,GSMF52,GSMP52
GSME52,GSMJ08
GSOE8P,GSOJ8P,GSOP8P
GSPE69,GSPP69
GSQE78,GSQP78
GSRE7S,GSRP7S
GSSE8P,GSSJ8P,GSSP8P
GSTE69,GSTJ13,GSTP69
GSUE70,GSUP70
GSVE78,GSVP78
GSWD64,GSWS64
GSWE64,GSWF64,GSWI64,GSWP64
GSXD64,GSXE64,GSXF64,GSXP64,GSXS64
GSYE6S,GSYP6S
GT3D52,GT3E52,GT3F52,GT3J52,GT3P52
GT4D52,GT4E52,GT4F52,GT4P52
GT5E7N,GT5P7N
GT6E70,GT6J70,GT6P70
GT7E41,GT7P41,GT7X41
GT8E78,GT8P7N
GTDE52,GTDP52
GTEE01,GTEP01
GTGE60,GTGP60
GTIE69,GTIP69
GTKD51,GTKE51,GTKP51
GTLE52,GTLP52,GTLX52
GTRE78,GTRJ8N,GTRP78
GTSE4F,GTSP4F
GTWE70,GTWP70
GTYE69,GTYP69
GU2D78,GU2F78
GU3D78,GU3X78
GUBJ13,GUBP69
GUCD69,GUCF69,GUCP69
GUGD69,GUGE69,GUGF69,GUGP69
GUMD52,GUME52,GUMP52
GUNE5D,GUNP5D
GUPE8P,GUPJ8P,GUPP8P
GUSE7F,GUSP7F
GUTD52,GUTE52,GUTF52,GUTI52,GUTJC0,GUTP52,GUTS52
GV3J70,GV3P70
GVCE08,GVCP08
GVDE78,GVDP78
GVJE08,GVJJ08,GVJP08
GVLD69,GVLE69,GVLF69,GVLP69
GVOE69,GVOP69
GW2E78,GW2P78
GW3E78,GW3JG2
GW4E69,GW4P69
GW7D69,GW7E69,GW7F69,GW7P69
GW9E78,GW9JG2,GW9P78
GWAD8P,GWAE8P,GWAF8P,GWAP8P
GWBE41,GWBP41
GWEE51,GWEJ51
GWKE41,GWKP41
GWLE6L,GWLX6L
GWME51,GWMP8P
GWPE78,GWPJG2,GWPP78
GWQE52,GWQP52
GWRE01,GWRJ01,GWRP01
GWTEA4,GWTJA4
GWUE7D,GWUP7D
GWWE01,GWWJ01,GWWP01
GWZE01,GWZJ01
GX2D52,GX2E52,GX2P52,GX2S52
GX3E41,GX3P41,GX3X41
GXAE51,GXAP51
GXBE69,GXBJ13,GXBP69
GXEE8P,GXEJ8P,GXEP8P
GXFD69,GXFF69,GXFI69,GXFP69,GXFS69
GXLE52,GXLP52,GXLX52
GXME52,GXMP52
GXOP69,GXOX69
GXPE78,GXPP78
GXRE08,GXRP08
GXSE8P,GXSP8P
GXXE01,GXXP01
GY2E01,GY2J01,GY2P01
GYFEA4,GYFJA4,GYFPA4
GYQE01,GYQP01
GYTE69,GYTP69
GYWDE9,GYWEE9,GYWPE9
GZ3E70,GZ3PB2
GZCE51,GZCJB0
GZDE70,GZDP70
GZLE01,GZLP01
GZQE7D,GZQJ7D,GZQP7D
GZWE01,GZWP01
PC6E01,PCSJ01
PRJE01,PRJJ01,PRJP01
PZLE01,PZLJ01,PZLP01
UGPE01,UGPJ01,UGPP01
